date,promo_rate,tail_mean_h4
2021-01-04,0.261905,0.0896
2021-01-05,0.142857,0.1721
2021-01-06,0.067797,0.1494
2021-01-07,0.157895,0.3238
2021-01-08,0.129032,0.1660
2021-01-11,0.105263,-0.1251
2021-01-12,0.212121,0.2952
2021-01-13,0.125000,0.1158
2021-01-14,0.142857,-0.5344
2021-01-15,0.145833,0.4389
2021-01-18,0.185185,0.1533
2021-01-19,0.140845,-0.0996
2021-01-20,0.187500,0.2241
2021-01-21,0.245283,-0.3693
2021-01-22,0.191489,0.0785
2021-01-25,0.054054,-0.2179
2021-01-26,0.100000,-0.0099
2021-01-27,0.243902,0.0330
2021-01-28,0.116279,-0.4710
2021-01-29,0.111111,0.1956
2021-02-01,0.307692,0.3429
2021-02-02,0.144928,0.1441
2021-02-03,0.063830,-0.5589
2021-02-04,0.161290,0.5033
2021-02-05,0.090909,-1.0078
2021-02-08,0.100000,-0.1598
2021-02-09,0.200000,0.1538
2021-02-10,0.127273,0.1240
2021-02-18,0.200000,0.0449
2021-02-19,0.160494,0.3581
2021-02-22,0.234375,-1.2896
2021-02-23,0.106383,-0.4278
2021-02-24,0.117647,0.0260
2021-02-25,0.233333,-0.2869
2021-02-26,0.172414,0.1174
2021-03-01,0.241379,0.5050
2021-03-02,0.132353,0.4673
2021-03-03,0.173913,0.3647
2021-03-04,0.179104,-0.0028
2021-03-05,0.272727,-0.1772
2021-03-08,0.155556,-0.8991
2021-03-09,0.333333,-1.3154
2021-03-10,0.000000,-0.2780
2021-03-11,0.142857,0.2338
2021-03-12,0.166667,0.0874
2021-03-15,0.120000,0.3043
2021-03-16,0.200000,0.3704
2021-03-17,0.187500,0.0812
2021-03-18,0.088235,0.0336
2021-03-19,0.261905,-0.0599
2021-03-22,0.272727,0.1464
2021-03-23,0.230769,-0.2023
2021-03-24,0.137931,-0.0793
2021-03-25,0.181818,-0.2495
2021-03-26,0.214286,-0.0409
2021-03-29,0.224138,0.1034
2021-03-30,0.325581,0.1481
2021-03-31,0.212121,0.0479
2021-04-01,0.173077,0.1786
2021-04-02,0.240000,0.1231
2021-04-06,0.170732,0.1207
2021-04-07,0.260000,0.2833
2021-04-08,0.150000,-0.5706
2021-04-09,0.210526,0.1820
2021-04-12,0.350000,-0.3297
2021-04-13,0.205128,-0.0913
2021-04-14,0.205882,0.0571
2021-04-15,0.113636,-0.0030
2021-04-16,0.200000,-0.0299
2021-04-19,0.360000,0.0957
2021-04-20,0.129630,-0.4659
2021-04-21,0.160000,-0.0876
2021-04-22,0.214286,-0.0553
2021-04-23,0.161290,0.1128
2021-04-26,0.227273,-0.3736
2021-04-27,0.176471,0.0645
2021-04-28,0.240000,0.2631
2021-04-29,0.108696,-0.3171
2021-04-30,0.031250,0.2046
2021-05-06,0.323529,-0.1015
2021-05-07,0.217391,-0.2862
2021-05-10,0.483871,0.3368
2021-05-11,0.148148,-0.0798
2021-05-12,0.250000,0.3897
2021-05-13,0.127273,-0.1808
2021-05-14,0.238095,0.0893
2021-05-17,0.196721,0.0172
2021-05-18,0.190476,0.1604
2021-05-19,0.211538,-0.0355
2021-05-20,0.171429,-0.2771
2021-05-21,0.206897,-0.1113
2021-05-24,0.270833,0.1794
2021-05-25,0.085714,0.1343
2021-05-26,0.264706,-0.0549
2021-05-27,0.162791,0.1737
2021-05-28,0.142857,0.0650
2021-05-31,0.289474,0.2826
2021-06-01,0.237288,0.2226
2021-06-02,0.142857,0.0769
2021-06-03,0.225000,-0.6321
2021-06-04,0.068182,-0.1204
2021-06-07,0.236842,0.2869
2021-06-08,0.133333,0.2673
2021-06-09,0.081081,0.1150
2021-06-10,0.236842,0.1599
2021-06-11,0.204082,-0.3339
2021-06-15,0.097561,-0.2494
2021-06-16,0.171429,0.0205
2021-06-17,0.153846,0.2522
2021-06-18,0.214286,0.2070
2021-06-21,0.108696,0.2994
2021-06-22,0.177419,0.2488
2021-06-23,0.145833,-0.0176
2021-06-24,0.171429,-0.1772
2021-06-25,0.150000,0.0021
2021-06-28,0.113636,0.2088
2021-06-29,0.150943,-0.1793
2021-06-30,0.125000,0.2788
2021-07-01,0.155556,-1.2082
2021-07-02,0.105263,-0.0082
2021-07-05,0.214286,0.4664
2021-07-06,0.096774,0.7384
2021-07-07,0.090909,0.1114
2021-07-08,0.140351,0.0204
2021-07-09,0.128205,0.2074
2021-07-12,0.232143,0.1023
2021-07-13,0.131148,0.2662
2021-07-14,0.152174,-0.6411
2021-07-15,0.076923,0.1297
2021-07-16,0.027027,-0.2919
2021-07-19,0.066667,0.2953
2021-07-20,0.090909,0.4044
2021-07-21,0.184211,0.0247
2021-07-22,0.205479,0.1508
2021-07-23,0.090909,-0.1771
2021-07-26,0.324324,0.1203
2021-07-27,0.153846,-2.0859
2021-07-28,0.100000,0.0932
2021-07-29,0.233333,-0.0242
2021-07-30,0.196078,0.4841
2021-08-02,0.158730,0.3156
2021-08-03,0.064935,-0.4183
2021-08-04,0.111111,0.2197
2021-08-05,0.125000,0.1017
2021-08-06,0.138889,0.6754
2021-08-09,0.061224,0.1514
2021-08-10,0.176471,0.2422
2021-08-11,0.188679,0.0827
2021-08-12,0.164384,0.0778
2021-08-13,0.160000,0.3679
2021-08-16,0.163265,-0.2952
2021-08-17,0.173077,-0.6115
2021-08-18,0.176471,0.6202
2021-08-19,0.070175,-0.2394
2021-08-20,0.058824,0.8274
2021-08-23,0.309524,0.1297
2021-08-24,0.105769,-0.0008
2021-08-25,0.111111,0.3033
2021-08-26,0.098361,-0.5255
2021-08-27,0.162162,0.1855
2021-08-30,0.163934,0.3067
2021-08-31,0.160714,0.2240
2021-09-01,0.150000,0.1309
2021-09-02,0.096154,0.2999
2021-09-03,0.114583,-0.2282
2021-09-06,0.263158,0.3107
2021-09-07,0.136364,0.1687
2021-09-08,0.142857,0.1275
2021-09-09,0.138462,0.3340
2021-09-10,0.127273,-0.1601
2021-09-13,0.162162,0.1867
2021-09-14,0.121622,-0.5058
2021-09-15,0.021739,0.1524
2021-09-16,0.128205,-0.3314
2021-09-17,0.142857,0.3995
2021-09-22,0.350000,0.0450
2021-09-23,0.141026,-0.1341
2021-09-24,0.000000,-0.4677
2021-09-27,0.200000,-0.3685
2021-09-28,0.125000,-0.2514
2021-09-29,0.029851,-0.8227
2021-09-30,0.230769,0.1079
2021-10-08,0.071429,0.2460
2021-10-11,0.117647,-0.0573
2021-10-12,0.090909,0.6525
2021-10-13,0.095238,0.1942
2021-10-14,0.145833,-0.0970
2021-10-15,0.015873,-0.3689
2021-10-18,0.172414,0.3737
2021-10-19,0.090909,0.0770
2021-10-20,0.090909,-0.0178
2021-10-21,0.102564,0.1442
2021-10-22,0.137931,-0.2919
2021-10-25,0.103448,0.2935
2021-10-26,0.000000,0.0399
2021-10-27,0.071429,0.1008
2021-10-28,0.050000,-0.2364
2021-10-29,0.147059,0.0545
2021-11-01,0.178571,0.0817
2021-11-02,0.118421,0.6028
2021-11-03,0.031250,0.7676
2021-11-04,0.146341,0.2914
2021-11-05,0.141026,-0.3559
2021-11-08,0.166667,0.0946
2021-11-09,0.214286,0.1311
2021-11-10,0.078947,0.7808
2021-11-11,0.135135,-0.0596
2021-11-12,0.148148,-0.0115
2021-11-15,0.144737,0.0508
2021-11-16,0.133333,-0.3003
2021-11-17,0.130435,0.2965
2021-11-18,0.113924,-0.3327
2021-11-19,0.095238,-0.0039
2021-11-22,0.163934,0.0756
2021-11-23,0.134328,0.1060
2021-11-24,0.139535,-0.1398
2021-11-25,0.095238,-0.2589
2021-11-26,0.133333,-0.0645
2021-11-29,0.121951,0.1238
2021-11-30,0.156250,0.1146
2021-12-01,0.129630,0.3339
2021-12-02,0.128571,-0.4823
2021-12-03,0.181818,-0.0913
2021-12-06,0.068182,-0.6997
2021-12-07,0.194444,0.3579
2021-12-08,0.105263,0.2092
2021-12-09,0.115942,-0.0425
2021-12-10,0.145833,-0.0116
2021-12-13,0.140000,-0.0482
2021-12-14,0.264151,0.1210
2021-12-15,0.135593,-0.3560
2021-12-16,0.277778,0.2264
2021-12-17,0.200000,-0.2417
2021-12-20,0.291667,-0.4913
2021-12-21,0.380000,0.1668
2021-12-22,0.117647,-0.1251
2021-12-23,0.122449,-0.1302
2021-12-24,0.067797,-0.1907
2021-12-27,0.214286,0.1465
2021-12-28,0.120000,0.2861
2021-12-29,0.208333,-0.2332
2021-12-30,0.243902,-0.0255
2021-12-31,0.178571,-0.0275
2022-01-04,0.454545,-0.0757
2022-01-05,0.203125,0.5018
2022-01-06,0.304348,-0.1059
2022-01-07,0.104478,-0.9495
2022-01-10,0.363636,0.1053
2022-01-11,0.062500,-0.1264
2022-01-12,0.315789,0.2131
2022-01-13,0.271429,-0.3731
2022-01-14,0.200000,-0.3914
2022-01-17,0.250000,0.0038
2022-01-18,0.132530,-0.0055
2022-01-19,0.166667,0.5595
2022-01-20,0.184211,-0.4962
2022-01-21,0.153846,-0.4717
2022-01-24,0.212121,-0.1900
2022-01-25,0.085714,-1.2528
2022-01-26,0.294118,0.2825
2022-01-27,0.055556,-1.1784
2022-01-28,0.166667,-0.9179
2022-02-07,0.173913,-0.0141
2022-02-08,0.211268,0.8081
2022-02-09,0.230769,0.3865
2022-02-10,0.119403,0.3341
2022-02-11,0.156250,-0.3448
2022-02-14,0.258065,0.0870
2022-02-15,0.145161,0.3803
2022-02-16,0.194444,0.1848
2022-02-17,0.170213,-0.3040
2022-02-18,0.066667,0.3957
2022-02-21,0.512821,0.3767
2022-02-22,0.140351,0.2570
2022-02-23,0.238095,0.1170
2022-02-24,0.050847,-0.0000
2022-02-25,0.263158,-0.0933
2022-02-28,0.102564,0.1279
2022-03-01,0.200000,0.4435
2022-03-02,0.200000,0.2185
2022-03-03,0.459459,-0.0729
2022-03-04,0.075000,-0.1667
2022-03-07,0.280000,0.0018
2022-03-08,0.156250,-1.6598
2022-03-09,0.533333,2.3637
2022-03-10,0.275862,0.0788
2022-03-11,0.100000,0.8601
2022-03-14,0.169811,-0.9527
2022-03-15,0.136364,-1.9559
2022-03-16,0.357143,0.6363
2022-03-17,0.116505,-0.1183
2022-03-18,0.104478,-0.0921
2022-03-21,0.273973,0.7578
2022-03-22,0.153846,-0.0350
2022-03-23,0.148936,0.0952
2022-03-24,0.093023,-0.4010
2022-03-25,0.214286,-0.4313
2022-03-28,0.145833,-0.1136
2022-03-29,0.162162,-0.4091
2022-03-30,0.138889,0.2110
2022-03-31,0.090909,0.2049
2022-04-01,0.193548,0.0931
2022-04-06,0.187500,0.1736
2022-04-07,0.100000,-0.5525
2022-04-08,0.437500,-0.1857
2022-04-11,0.219512,-0.7039
2022-04-12,0.371429,0.7227
2022-04-13,0.104478,-1.1865
2022-04-14,0.235294,-0.3744
2022-04-15,0.108696,-0.6036
2022-04-18,0.333333,0.0621
2022-04-19,0.137931,0.4736
2022-04-20,0.138889,-0.1475
2022-04-21,0.200000,-0.6691
2022-04-22,0.526316,-1.0870
2022-04-25,0.118644,-1.3265
2022-04-26,0.071429,-1.7964
2022-04-27,0.228571,0.6536
2022-04-28,0.088710,0.3392
2022-04-29,0.333333,-0.0031
2022-05-05,0.160714,-0.3679
2022-05-06,0.101010,-0.1927
2022-05-09,0.133333,0.4337
2022-05-10,0.185567,0.3008
2022-05-11,0.119403,-1.4032
2022-05-12,0.053571,0.8754
2022-05-13,0.315789,0.2505
2022-05-16,0.223881,-0.1607
2022-05-17,0.068966,0.3744
2022-05-18,0.295455,-0.5655
2022-05-19,0.159420,0.6221
2022-05-20,0.184211,0.2896
2022-05-23,0.220339,0.1731
2022-05-24,0.131148,-1.6818
2022-05-25,0.434783,0.2546
2022-05-26,0.169014,0.0694
2022-05-27,0.261905,0.1861
2022-05-30,0.269231,0.5755
2022-05-31,0.206349,0.4620
2022-06-01,0.095238,0.4495
2022-06-02,0.200000,0.1131
2022-06-06,0.189655,0.3063
2022-06-07,0.158730,0.7007
2022-06-08,0.179487,0.5957
2022-06-09,0.177778,0.3371
2022-06-10,0.120000,0.0497
2022-06-13,0.141026,0.6881
2022-06-14,0.139535,1.2300
2022-06-15,0.200000,-1.2988
2022-06-16,0.157895,0.1984
2022-06-17,0.085106,0.4138
2022-06-20,0.333333,0.0198
2022-06-21,0.093750,0.4421
2022-06-22,0.333333,-0.9316
2022-06-23,0.250000,0.4895
2022-06-24,0.179487,0.0682
2022-06-27,0.188406,0.1580
2022-06-28,0.274194,0.4422
2022-06-29,0.116883,-0.9692
2022-06-30,0.100000,-0.1442
2022-07-01,0.066667,0.1071
2022-07-04,0.204082,0.3743
2022-07-05,0.083333,1.0745
2022-07-06,0.137931,0.3450
2022-07-07,0.200000,-0.0723
2022-07-08,0.155172,-0.0350
2022-07-11,0.195122,0.5873
2022-07-12,0.222222,-0.3469
2022-07-13,0.448276,0.0572
2022-07-14,0.135593,-0.0554
2022-07-15,0.122449,-0.8675
2022-07-18,0.425000,0.1263
2022-07-19,0.177215,0.1946
2022-07-20,0.214286,0.2366
2022-07-21,0.150943,-0.5627
2022-07-22,0.179487,0.5766
2022-07-25,0.076923,0.1132
2022-07-26,0.222222,0.4409
2022-07-27,0.255814,0.1107
2022-07-28,0.241379,-0.1539
2022-07-29,0.140000,-0.3637
2022-08-01,0.175000,0.1683
2022-08-02,0.178571,-0.5525
2022-08-03,0.200000,-1.5390
2022-08-04,0.173913,1.0532
2022-08-05,0.078431,0.6288
2022-08-08,0.188679,0.3759
2022-08-09,0.116883,0.3408
2022-08-10,0.139535,0.0785
2022-08-11,0.152542,0.1578
2022-08-12,0.108696,-0.2123
2022-08-15,0.179487,0.0728
2022-08-16,0.211538,0.0812
2022-08-17,0.115385,0.0172
2022-08-18,0.187500,0.0201
2022-08-19,0.171875,-0.6409
2022-08-22,0.193548,0.2717
2022-08-23,0.127660,0.2785
2022-08-24,0.140000,-0.5240
2022-08-25,0.400000,0.8501
2022-08-26,0.139535,-0.5139
2022-08-29,0.185185,0.1161
2022-08-30,0.068182,0.3080
2022-08-31,0.148148,-0.8320
2022-09-01,0.363636,-0.3742
2022-09-02,0.225806,0.2258
2022-09-05,0.106383,0.4882
2022-09-06,0.125000,0.4172
2022-09-07,0.069767,0.2571
2022-09-08,0.155556,-0.2204
2022-09-09,0.166667,0.0497
2022-09-13,0.185185,0.1126
2022-09-14,0.133333,0.2358
2022-09-15,0.190476,0.7264
2022-09-16,0.187500,-1.0126
2022-09-19,0.210526,0.4087
2022-09-20,0.190476,0.0200
2022-09-21,0.104167,-0.0123
2022-09-22,0.034483,-0.0509
2022-09-23,0.066667,-0.4906
2022-09-26,0.090909,-0.6951
2022-09-27,0.225806,0.8302
2022-09-28,0.107143,-0.9225
2022-09-29,0.176471,-0.1841
2022-09-30,0.230769,-0.8376
2022-10-10,0.300000,-0.4093
2022-10-11,0.166667,0.0116
2022-10-12,0.270270,1.7246
2022-10-13,0.245614,-0.4926
2022-10-14,0.177778,0.1632
2022-10-17,0.109589,0.1703
2022-10-18,0.105263,-0.0573
2022-10-19,0.152174,-0.4007
2022-10-20,0.181818,-0.6149
2022-10-21,0.083333,-0.2839
2022-10-24,0.125000,-0.2246
2022-10-25,0.320000,-0.1599
2022-10-26,0.052632,0.4507
2022-10-27,0.159420,-0.7947
2022-10-28,0.060606,-1.1212
2022-10-31,0.190476,0.0418
2022-11-01,0.133333,1.0469
2022-11-02,0.169231,-0.4211
2022-11-03,0.096774,0.1470
2022-11-04,0.172414,0.0643
2022-11-07,0.211538,0.4459
2022-11-08,0.184211,0.5034
2022-11-09,0.227273,-0.0749
2022-11-10,0.310345,-0.0790
2022-11-11,0.205128,-1.2325
2022-11-14,0.204545,0.3394
2022-11-15,0.250000,0.4309
2022-11-16,0.120690,0.0292
2022-11-17,0.250000,0.8644
2022-11-18,0.119048,-0.7716
2022-11-21,0.281250,0.1888
2022-11-22,0.027778,-0.2017
2022-11-23,0.275862,-0.0271
2022-11-24,0.107143,-0.0135
2022-11-25,0.125000,-0.1417
2022-11-28,0.263158,0.5213
2022-11-29,0.304348,0.0661
2022-11-30,0.101449,0.0934
2022-12-01,0.166667,0.0930
2022-12-02,0.150000,0.0250
2022-12-05,0.078947,0.2517
2022-12-06,0.147059,-0.1423
2022-12-07,0.150000,0.1164
2022-12-08,0.222222,-0.1198
2022-12-09,0.117647,0.1586
2022-12-12,0.100000,-0.1021
2022-12-13,0.228571,-0.1838
2022-12-14,0.142857,0.0123
2022-12-15,0.147059,0.1320
2022-12-16,0.222222,0.0263
2022-12-19,0.166667,-0.0162
2022-12-20,0.200000,0.3101
2022-12-21,0.058824,0.2911
2022-12-22,0.100000,-0.6371
2022-12-23,0.304348,0.1495
2022-12-26,0.034483,0.3785
2022-12-27,0.170213,0.2216
2022-12-28,0.100000,0.1528
2022-12-29,0.200000,-0.1787
2022-12-30,0.166667,0.0469
2023-01-03,0.185185,0.2241
2023-01-04,0.132353,0.4531
2023-01-05,0.076923,0.0126
2023-01-06,0.178571,0.1661
2023-01-09,0.038462,0.1940
2023-01-10,0.142857,0.0678
2023-01-11,0.153846,-0.4060
2023-01-12,0.076923,-0.0821
2023-01-13,0.125000,0.5287
2023-01-16,0.280000,-0.0247
2023-01-17,0.074074,0.1687
2023-01-18,0.227273,-0.0877
2023-01-19,0.086957,0.0712
2023-01-20,0.136364,0.1078
2023-01-30,0.368421,-0.0260
2023-01-31,0.161290,0.1715
2023-02-01,0.238095,0.5251
2023-02-02,0.090909,0.1176
2023-02-03,0.058824,0.6770
2023-02-06,0.259259,0.0115
2023-02-07,0.166667,0.5699
2023-02-08,0.192308,-0.3122
2023-02-09,0.157895,0.2919
2023-02-10,0.000000,0.1436
2023-02-13,0.250000,0.2827
2023-02-14,0.088235,0.1454
2023-02-15,0.315789,0.0390
2023-02-16,0.074074,-1.9084
2023-02-17,0.250000,-0.3163
2023-02-20,0.050000,0.4391
2023-02-21,0.029412,0.3814
2023-02-22,0.090909,0.1998
2023-02-23,0.111111,0.3540
2023-02-24,0.000000,0.1054
2023-02-27,0.111111,-0.0078
2023-02-28,0.250000,0.7414
2023-03-01,0.000000,0.3437
2023-03-02,0.083333,-0.1664
2023-03-03,0.052632,0.1768
2023-03-06,0.200000,-0.0134
2023-03-07,0.142857,-0.7618
2023-03-08,0.200000,0.5926
2023-03-09,0.250000,-0.0543
2023-03-10,0.100000,-0.4039
2023-03-13,0.083333,0.5457
2023-03-14,0.107143,-0.0315
2023-03-15,0.100000,-0.0626
2023-03-16,0.083333,-0.2239
2023-03-17,0.100000,-0.4001
2023-03-20,0.076923,-0.1631
2023-03-21,0.333333,0.5620
2023-03-22,0.080000,0.2174
2023-03-23,0.160000,0.3973
2023-03-24,0.000000,0.1567
2023-03-27,0.235294,0.0979
2023-03-28,0.074074,-0.4829
2023-03-29,0.083333,-0.2460
2023-03-30,0.071429,-0.2356
2023-03-31,0.000000,0.1656
2023-04-03,0.035714,0.2741
2023-04-04,0.114286,0.2276
2023-04-06,0.150000,0.2239
2023-04-07,0.080000,0.1431
2023-04-10,0.078947,-0.2960
2023-04-11,0.043478,0.5309
2023-04-12,0.200000,0.2958
2023-04-13,0.090909,-0.0273
2023-04-14,0.055556,0.0279
2023-04-17,0.074074,0.2611
2023-04-18,0.172414,-0.1209
2023-04-19,0.250000,-0.2290
2023-04-20,0.083333,0.3018
2023-04-21,0.064516,-0.8306
2023-04-24,0.300000,0.0182
2023-04-25,0.187500,0.6061
2023-04-26,0.190476,-0.4630
2023-04-27,0.068182,-0.4078
2023-04-28,0.033333,0.2842
2023-05-04,0.204819,0.2863
2023-05-05,0.063492,0.1231
2023-05-08,0.320000,-0.0071
2023-05-09,0.095238,-0.5389
2023-05-10,0.058824,0.2085
2023-05-11,0.107143,-0.1078
2023-05-12,0.117647,-0.1486
2023-05-15,0.111111,0.5880
2023-05-16,0.058824,0.0111
2023-05-17,0.157895,0.4187
2023-05-18,0.111111,0.4289
2023-05-19,0.102564,-0.0905
2023-05-22,0.095238,0.3091
2023-05-23,0.129032,-0.6184
2023-05-24,0.200000,-0.4266
2023-05-25,0.181818,1.0108
2023-05-26,0.142857,0.1591
2023-05-29,0.194444,0.0536
2023-05-30,0.115385,0.8094
2023-05-31,0.166667,-0.1503
2023-06-01,0.193548,-0.3895
2023-06-02,0.266667,-0.0386
2023-06-05,0.025641,0.1276
2023-06-06,0.142857,-0.7268
2023-06-07,0.200000,0.0239
2023-06-08,0.095238,-0.1357
2023-06-09,0.285714,0.2909
2023-06-12,0.200000,-0.1294
2023-06-13,0.090909,0.1109
2023-06-14,0.172414,0.0713
2023-06-15,0.125000,0.1390
2023-06-16,0.064516,0.0098
2023-06-19,0.152174,-0.0478
2023-06-20,0.114286,-0.3611
2023-06-21,0.151515,-0.6838
2023-06-26,0.230769,-0.2866
2023-06-27,0.095238,0.0572
2023-06-28,0.045455,0.0141
2023-06-29,0.120000,-0.1903
2023-06-30,0.068182,-0.0639
2023-07-03,0.166667,-0.0229
2023-07-04,0.034483,0.3782
2023-07-05,0.095238,-0.2517
2023-07-06,0.058824,-0.0205
2023-07-07,0.160000,-0.2888
2023-07-10,0.222222,0.1610
2023-07-11,0.071429,0.2963
2023-07-12,0.217391,-0.5772
2023-07-13,0.115385,0.0603
2023-07-14,0.166667,-0.1604
2023-07-17,0.121212,0.3547
2023-07-18,0.040000,-0.0809
2023-07-19,0.000000,0.0674
2023-07-20,0.263158,-0.5005
2023-07-21,0.157895,-0.0267
2023-07-24,0.055556,0.0039
2023-07-25,0.235294,0.1114
2023-07-26,0.130435,0.1180
2023-07-27,0.285714,-0.2780
2023-07-28,0.105263,0.0772
2023-07-31,0.216216,0.1649
2023-08-01,0.033333,0.2116
2023-08-02,0.259259,0.1205
2023-08-03,0.000000,0.1255
2023-08-04,0.166667,-0.2326
2023-08-07,0.538462,0.1189
2023-08-08,0.142857,0.0876
2023-08-09,0.120000,0.0536
2023-08-10,0.055556,0.2659
2023-08-11,0.105263,-0.6057
2023-08-14,0.222222,0.5483
2023-08-15,0.166667,0.2505
2023-08-16,0.083333,-0.3791
2023-08-17,0.235294,0.6723
2023-08-18,0.103448,-0.9288
2023-08-21,0.333333,-0.5300
2023-08-22,0.176471,1.6320
2023-08-23,0.200000,-1.1152
2023-08-24,0.222222,-0.4130
2023-08-25,0.120000,-0.7594
2023-08-28,0.312500,-0.8619
2023-08-29,0.142857,0.0524
2023-08-30,0.093750,0.1915
2023-08-31,0.153846,-0.1468
2023-09-01,0.100000,0.0743
2023-09-04,0.117647,0.4190
2023-09-05,0.055556,0.0752
2023-09-06,0.200000,0.0369
2023-09-07,0.066667,-0.1675
2023-09-08,0.181818,-0.1312
2023-09-11,0.133333,-0.0441
2023-09-12,0.200000,-0.1043
2023-09-13,0.142857,0.5036
2023-09-14,0.142857,0.4531
2023-09-15,0.333333,0.1413
2023-09-18,0.095238,0.1040
2023-09-19,0.093750,0.0613
2023-09-20,0.066667,-0.2147
2023-09-21,0.142857,0.0509
2023-09-22,0.250000,0.4453
2023-09-25,0.200000,-0.0037
2023-09-26,0.235294,-0.3043
2023-09-27,0.350000,-0.2881
2023-09-28,0.095238,-0.0268
2023-10-09,0.344828,0.0848
2023-10-10,0.131579,0.0085
2023-10-11,0.185185,-0.2760
2023-10-12,0.111111,0.1324
2023-10-13,0.181818,0.1351
2023-10-16,0.230769,0.1427
2023-10-17,0.097561,0.2123
2023-10-18,0.272727,-0.1258
2023-10-19,0.130435,-0.2488
2023-10-20,0.294118,-0.4102
2023-10-23,0.142857,-0.2896
2023-10-24,0.125000,0.4520
2023-10-25,0.156863,-0.0794
2023-10-26,0.186047,0.5587
2023-10-27,0.181818,-0.0769
2023-10-30,0.105263,0.0196
2023-10-31,0.060000,0.3313
2023-11-01,0.086957,0.0673
2023-11-02,0.107143,-0.2275
2023-11-03,0.117647,-0.1019
2023-11-06,0.142857,0.2064
2023-11-07,0.227273,0.0382
2023-11-08,0.250000,0.3112
2023-11-09,0.161290,-0.0252
2023-11-10,0.300000,0.0707
2023-11-13,0.181818,0.1804
2023-11-14,0.120000,0.2933
2023-11-15,0.346154,0.2025
2023-11-16,0.057143,-0.3352
2023-11-17,0.318182,0.3084
2023-11-20,0.166667,0.1524
2023-11-21,0.275000,-0.4993
2023-11-22,0.269231,-0.5009
2023-11-23,0.192308,0.2093
2023-11-24,0.280000,0.0062
2023-11-27,0.117647,0.0809
2023-11-28,0.090909,0.4938
2023-11-29,0.214286,-0.2344
2023-11-30,0.105263,0.7614
2023-12-01,0.250000,-0.1524
2023-12-04,0.222222,-0.1931
2023-12-05,0.151515,-0.7620
2023-12-06,0.181818,-0.1714
2023-12-07,0.307692,-0.1474
2023-12-08,0.263158,-0.2845
2023-12-11,0.095238,0.7817
2023-12-12,0.100000,0.2396
2023-12-13,0.214286,-0.5284
2023-12-14,0.260870,-0.2629
2023-12-15,0.304348,-0.0013
2023-12-18,0.178571,-0.1497
2023-12-19,0.217391,0.2380
2023-12-20,0.312500,-0.4292
2023-12-21,0.157895,0.0394
2023-12-22,0.166667,-0.1506
2023-12-25,0.153846,0.2612
2023-12-26,0.250000,-0.4931
2023-12-27,0.074074,0.3365
2023-12-28,0.315789,-0.0737
2023-12-29,0.272727,0.1789
2024-01-02,0.055556,-0.3258
2024-01-03,0.156250,0.6409
2024-01-04,0.368421,0.3141
2024-01-05,0.153846,-0.2953
2024-01-08,0.307692,-0.4329
2024-01-09,0.090909,0.6719
2024-01-10,0.242424,-0.6327
2024-01-11,0.272727,-0.0693
2024-01-12,0.179487,-0.1823
2024-01-15,0.214286,-0.0393
2024-01-16,0.125000,1.3094
2024-01-17,0.291667,-1.1129
2024-01-18,0.333333,2.4344
2024-01-19,0.185185,-0.2329
2024-01-22,0.037037,-2.1187
2024-01-23,0.300000,0.3117
2024-01-24,0.406250,2.1099
2024-01-25,0.346154,0.4141
2024-01-26,0.046154,-0.7990
2024-01-29,0.037037,-0.2475
2024-01-30,0.111111,-1.5011
2024-01-31,0.133333,-1.3704
2024-02-01,0.157895,-0.0266
2024-02-02,0.190476,1.0664
2024-02-05,0.047619,-3.7094
2024-02-06,0.250000,-0.3835
2024-02-07,0.230769,0.4058
2024-02-08,0.111111,1.1840
2024-02-19,0.145228,1.1264
2024-02-20,0.189394,0.4364
2024-02-21,0.080000,-1.6433
2024-02-22,0.078947,0.8719
2024-02-23,0.326531,0.6729
2024-02-26,0.138462,-1.0640
2024-02-27,0.238095,1.0965
2024-02-28,0.070175,-2.9482
2024-02-29,0.400000,1.3134
2024-03-01,0.192771,0.7263
2024-03-04,0.195122,0.5182
2024-03-05,0.140000,-0.2685
2024-03-06,0.259259,-0.2357
2024-03-07,0.118644,-0.2911
2024-03-08,0.184211,0.5630
2024-03-11,0.295455,0.7837
2024-03-12,0.147541,0.1818
2024-03-13,0.148936,-0.5208
2024-03-14,0.076923,0.4137
2024-03-15,0.357143,0.6409
2024-03-18,0.200000,0.4560
2024-03-19,0.114754,-0.5305
2024-03-20,0.275000,0.3861
2024-03-21,0.215686,-0.1744
2024-03-22,0.195122,-0.1603
2024-03-25,0.157895,-1.6761
2024-03-26,0.291667,0.2996
2024-03-27,0.121951,-1.6901
2024-03-28,0.192308,-0.3253
2024-03-29,0.131148,0.8096
2024-04-01,0.187500,0.5493
2024-04-02,0.142857,-0.0139
2024-04-03,0.228571,0.0103
2024-04-08,0.129032,-0.4098
2024-04-09,0.065217,0.5035
2024-04-10,0.058824,0.6725
2024-04-11,0.200000,-0.6464
2024-04-12,0.184211,-0.8513
2024-04-15,0.046512,0.0578
2024-04-16,0.086957,-1.4911
2024-04-17,0.333333,0.9499
2024-04-18,0.079070,-0.6007
2024-04-19,0.054054,0.3893
2024-04-22,0.066667,-0.3330
2024-04-23,0.146341,0.0615
2024-04-24,0.081081,0.4516
2024-04-25,0.078947,-0.0658
2024-04-26,0.068966,0.4857
2024-04-29,0.172414,0.3636
2024-04-30,0.120482,-0.2356
2024-05-06,0.277778,0.2120
2024-05-07,0.098592,0.1441
2024-05-08,0.108108,-0.2228
2024-05-09,0.200000,-0.0371
2024-05-10,0.081081,-0.2152
2024-05-13,0.230769,-0.2338
2024-05-14,0.111111,-0.0103
2024-05-15,0.088235,-0.3255
2024-05-16,0.157895,-0.3602
2024-05-17,0.387097,0.7992
2024-05-20,0.142857,0.0946
2024-05-21,0.103448,0.1164
2024-05-22,0.230769,0.0589
2024-05-23,0.161290,0.1757
2024-05-24,0.200000,-0.6437
2024-05-27,0.206897,1.2127
2024-05-28,0.121212,-0.2307
2024-05-29,0.117647,0.2732
2024-05-30,0.181818,-0.1866
2024-05-31,0.238095,-0.3027
2024-06-03,0.000000,0.3593
2024-06-04,0.333333,0.9565
2024-06-05,0.083333,-0.9228
2024-06-06,0.200000,0.0816
2024-06-07,0.117647,0.3742
2024-06-11,0.083333,0.5340
2024-06-12,0.200000,0.0297
2024-06-13,0.117647,-0.3043
2024-06-14,0.200000,0.1288
2024-06-17,0.076923,0.0054
2024-06-18,0.235294,0.4690
2024-06-19,0.031250,-0.4753
2024-06-20,0.166667,-0.5922
2024-06-21,0.117647,-0.3903
2024-06-24,0.181818,-0.7783
2024-06-25,0.133333,0.0624
2024-06-26,0.130435,1.0680
2024-06-27,0.131579,-0.6215
2024-06-28,0.111111,-0.4594
2024-07-01,0.115385,0.2715
2024-07-02,0.214286,-0.1983
2024-07-03,0.280000,-0.2691
2024-07-04,0.100000,-0.5340
2024-07-05,0.090909,0.0416
2024-07-08,0.103448,-0.0938
2024-07-09,0.266667,0.2822
2024-07-10,0.093023,-0.2275
2024-07-11,0.181818,0.1747
2024-07-12,0.086207,-0.2018
2024-07-15,0.136364,0.0144
2024-07-16,0.105263,0.1011
2024-07-17,0.272727,-0.5920
2024-07-18,0.071429,0.0738
2024-07-19,0.275862,0.0524
2024-07-22,0.172414,0.5639
2024-07-23,0.258065,-1.2691
2024-07-24,0.266667,-0.6074
2024-07-25,0.111111,-0.1875
2024-07-26,0.272727,0.2522
2024-07-29,0.239130,0.1216
2024-07-30,0.255814,0.1571
2024-07-31,0.189189,0.2135
2024-08-01,0.121212,-0.2667
2024-08-02,0.108108,-0.4252
2024-08-05,0.225806,-0.2208
2024-08-06,0.321429,1.0598
2024-08-07,0.176471,-0.2530
2024-08-08,0.085714,-0.1571
2024-08-09,0.107143,-0.3092
2024-08-12,0.130435,0.0333
2024-08-13,0.047619,0.8097
2024-08-14,0.344828,-0.1612
2024-08-15,0.285714,0.2464
2024-08-16,0.225806,-0.1847
2024-08-19,0.148148,-0.1097
2024-08-20,0.103448,-0.0175
2024-08-21,0.263158,0.0179
2024-08-22,0.080000,-0.3582
2024-08-23,0.105263,0.0916
2024-08-26,0.181818,0.3703
2024-08-27,0.181818,0.0304
2024-08-28,0.047619,-0.1125
2024-08-29,0.166667,0.0165
2024-08-30,0.194444,-0.8527
2024-09-02,0.044444,-0.6414
2024-09-03,0.238095,0.2309
2024-09-04,0.300000,-0.2333
2024-09-05,0.227273,0.3676
2024-09-06,0.166667,-0.3132
2024-09-09,0.333333,0.3235
2024-09-10,0.151515,0.7074
2024-09-11,0.115385,0.1993
2024-09-12,0.133333,-0.5688
2024-09-13,0.125000,-0.3369
2024-09-18,0.148148,-0.2739
2024-09-19,0.187500,0.1681
2024-09-20,0.159091,0.4579
2024-09-23,0.187500,0.0409
2024-09-24,0.151515,0.3896
2024-09-25,0.214286,-0.1200
2024-09-26,0.192308,1.0597
2024-09-27,0.347458,0.8059
2024-09-30,0.746667,0.0086
2024-10-08,0.470326,3.0976
2024-10-09,0.014245,-3.3967
2024-10-10,0.500000,-1.1162
2024-10-11,0.086207,-0.2828
2024-10-14,0.185185,0.5597
2024-10-15,0.168539,-1.3639
2024-10-16,0.178571,0.1632
2024-10-17,0.114754,-1.0801
2024-10-18,0.303030,-0.1469
2024-10-21,0.226190,0.4373
2024-10-22,0.158537,0.6815
2024-10-23,0.178571,-0.4075
2024-10-24,0.120690,0.3569
2024-10-25,0.288136,0.0567
2024-10-28,0.418182,0.5164
2024-10-29,0.134454,-0.3714
2024-10-30,0.215385,0.6351
2024-10-31,0.325000,0.0761
2024-11-01,0.188119,-0.8143
2024-11-04,0.245614,0.7214
2024-11-05,0.238532,0.2290
2024-11-06,0.213675,-0.6256
2024-11-07,0.253521,0.3685
2024-11-08,0.149606,-0.3085
2024-11-11,0.347222,0.7252
2024-11-12,0.136364,-0.5961
2024-11-13,0.109091,0.7932
2024-11-14,0.145833,-1.1923
2024-11-15,0.263158,-1.5629
2024-11-18,0.270833,-0.4030
2024-11-19,0.115385,2.1427
2024-11-20,0.287671,0.5023
2024-11-21,0.206186,0.2504
2024-11-22,0.189655,-1.9204
2024-11-25,0.606061,1.6049
2024-11-26,0.173469,-0.1343
2024-11-27,0.181818,2.1400
2024-11-28,0.279412,-0.7180
2024-11-29,0.245283,-0.2557
2024-12-02,0.314607,0.0840
2024-12-03,0.168317,0.3528
2024-12-04,0.147541,-0.7325
2024-12-05,0.400000,0.1350
2024-12-06,0.243590,-0.0119
2024-12-09,0.136364,0.5838
2024-12-10,0.205882,-0.7774
2024-12-11,0.294118,0.2908
2024-12-12,0.282828,0.4445
2024-12-13,0.168831,-1.0672
2024-12-16,0.200000,-0.2628
2024-12-17,0.075758,-0.4991
2024-12-18,0.562500,-0.1955
2024-12-19,0.098592,0.2387
2024-12-20,0.196078,0.0398
2024-12-23,0.081967,-0.4726
2024-12-24,0.368421,0.6665
2024-12-25,0.101695,-0.4591
2024-12-26,0.440000,0.2466
2024-12-27,0.081081,-0.2927
2024-12-30,0.057692,0.0951
2024-12-31,0.129032,-0.6715
2025-01-02,0.322581,-0.9662
2025-01-03,0.230769,-0.9516
2025-01-06,0.344828,0.2820
2025-01-07,0.250000,1.5699
2025-01-08,0.149254,0.2927
2025-01-09,0.333333,0.1343
2025-01-10,0.155172,-1.3042
2025-01-13,0.115385,-0.1896
2025-01-14,0.228571,0.4490
2025-01-15,0.163462,-0.1398
2025-01-16,0.194444,0.4116
2025-01-17,0.119048,-0.1993
2025-01-20,0.250000,-0.0978
2025-01-21,0.137255,0.4482
2025-01-22,0.137931,-0.0528
2025-01-23,0.185185,-0.4854
2025-01-24,0.185185,0.5101
2025-01-27,0.098039,-0.3026
2025-02-05,0.290323,0.3807
2025-02-06,0.250000,0.3651
2025-02-07,0.156250,0.0191
2025-02-10,0.285714,0.6091
2025-02-11,0.120000,0.0376
2025-02-12,0.116279,0.6826
2025-02-13,0.169492,-0.7077
2025-02-14,0.189189,0.2823
2025-02-17,0.245614,0.7751
2025-02-18,0.131148,-0.5821
2025-02-19,0.192308,0.5570
2025-02-20,0.184783,0.1036
2025-02-21,0.117647,0.4333
2025-02-24,0.144578,0.4248
2025-02-25,0.101695,-0.3021
2025-02-26,0.131579,0.3039
2025-02-27,0.131579,0.8178
2025-02-28,0.129630,-1.1613
2025-03-03,0.120000,-0.2402
2025-03-04,0.100000,0.5120
2025-03-05,0.145161,0.4067
2025-03-06,0.180000,0.1427
2025-03-07,0.137931,-0.1784
2025-03-10,0.187500,0.4532
2025-03-11,0.152542,1.0415
2025-03-12,0.270270,-0.3839
2025-03-13,0.071429,0.8692
2025-03-14,0.310345,0.1089
2025-03-17,0.161290,0.1751
2025-03-18,0.175000,0.2697
2025-03-19,0.142857,0.1086
2025-03-20,0.269231,-0.3442
2025-03-21,0.205128,0.0993
2025-03-24,0.230769,1.3260
2025-03-25,0.218750,-0.0483
2025-03-26,0.105263,-0.0015
2025-03-27,0.070175,-0.1561
2025-03-28,0.119048,-0.4865
2025-03-31,0.250000,0.9602
2025-04-01,0.200000,0.0275
2025-04-02,0.097561,-0.0421
2025-04-03,0.212121,-0.0435
2025-04-07,0.236842,-0.1429
2025-04-08,0.700000,1.5476
2025-04-09,0.131313,0.4149
2025-04-10,0.158537,-0.3149
2025-04-11,0.071429,-0.5933
2025-04-14,0.112903,0.1186
2025-04-15,0.064103,0.2753
2025-04-16,0.214286,0.6530
2025-04-17,0.266667,-0.2967
2025-04-18,0.140625,-0.3392
2025-04-21,0.236842,0.1446
2025-04-22,0.175000,-0.0693
2025-04-23,0.094340,-0.1097
2025-04-24,0.173913,-0.1658
2025-04-25,0.131579,-0.2047
2025-04-28,0.148148,-0.0972
2025-04-29,0.111111,0.0293
2025-04-30,0.120000,-0.3314
2025-05-06,0.226415,0.3783
2025-05-07,0.166667,0.5636
2025-05-08,0.170732,0.1524
2025-05-09,0.085106,-0.5065
2025-05-12,0.150000,0.3670
2025-05-13,0.102564,-0.1984
2025-05-14,0.297297,-0.0132
2025-05-15,0.200000,-0.0320
2025-05-16,0.285714,-0.1531
2025-05-19,0.380952,0.2032
2025-05-20,0.277778,0.1397
2025-05-21,0.130435,-0.1020
2025-05-22,0.171429,-0.4702
2025-05-23,0.280000,-1.0754
2025-05-26,0.187500,0.2508
2025-05-27,0.266667,0.2823
2025-05-28,0.216216,-0.0287
2025-05-29,0.289474,0.0751
2025-05-30,0.146341,-0.1313
2025-06-03,0.380952,0.0124
2025-06-04,0.250000,0.1876
2025-06-05,0.163265,0.3839
2025-06-06,0.094340,0.2317
2025-06-09,0.250000,0.1943
2025-06-10,0.196078,0.2948
2025-06-11,0.142857,-0.0604
2025-06-12,0.300000,0.3432
2025-06-13,0.065217,-0.2817
2025-06-16,0.302326,0.2028
2025-06-17,0.105263,0.2465
2025-06-18,0.117647,0.1712
2025-06-19,0.185185,-0.2915
2025-06-20,0.160000,-0.3077
2025-06-23,0.289474,0.2412
2025-06-24,0.115385,0.2129
2025-06-25,0.254902,0.4311
2025-06-26,0.304348,0.0093
2025-06-27,0.135135,0.0639
2025-06-30,0.116279,0.3437
2025-07-01,0.190476,0.0503
2025-07-02,0.086957,0.4057
2025-07-03,0.177778,-0.0088
2025-07-04,0.155556,-0.4883
2025-07-07,0.269231,0.1506
2025-07-08,0.211538,0.0800
2025-07-09,0.166667,-0.3120
2025-07-10,0.235294,0.0269
2025-07-11,0.214286,-0.1518
2025-07-14,0.279070,0.1157
2025-07-15,0.139535,0.3785
2025-07-16,0.200000,0.1268
2025-07-17,0.255814,0.1583
2025-07-18,0.225000,0.4437
2025-07-21,0.193548,0.2487
2025-07-22,0.475248,0.3658
2025-07-23,0.000000,-0.5735
2025-07-24,0.153846,0.4319
2025-07-25,0.074074,-0.0061
2025-07-28,0.083333,0.1004
2025-07-29,0.160000,0.6314
2025-07-30,0.161290,0.4424
2025-07-31,0.200000,-0.6322
2025-08-01,0.258065,0.2273
2025-08-04,0.172414,0.5802
2025-08-05,0.136364,0.3431
2025-08-06,0.190476,0.2091
2025-08-07,0.106383,0.0641
2025-08-08,0.116279,0.0820
2025-08-11,0.240000,0.0381
2025-08-12,0.200000,0.1695
2025-08-13,0.406250,0.0611
2025-08-14,0.151515,-0.4760
2025-08-15,0.185185,0.1787
2025-08-18,0.263889,0.1833
2025-08-19,0.210526,0.2746
2025-08-20,0.203390,0.6633
2025-08-21,0.071429,-0.2770
2025-08-22,0.161290,0.4244
2025-08-25,0.155172,0.5365
2025-08-26,0.177419,-0.4711
2025-08-27,0.166667,-1.6378
2025-08-28,0.272727,1.9232
2025-08-29,0.116279,-0.0812
2025-09-01,0.145455,0.1459
2025-09-02,0.095238,-0.0723
2025-09-03,0.137931,-0.5819
2025-09-04,0.217391,-0.4569
2025-09-05,0.096774,0.5946
2025-09-08,0.082353,0.3260
2025-09-09,0.087719,0.3994
2025-09-10,0.225000,0.0163
2025-09-11,0.162162,0.5576
2025-09-12,0.142857,-0.3152
2025-09-15,0.181818,-0.1555
2025-09-16,0.127273,0.1979
2025-09-17,0.145455,-0.0617
2025-09-18,0.145833,-0.7716
2025-09-19,0.200000,0.3281
2025-09-22,0.153846,0.6012
2025-09-23,0.211538,1.1550
2025-09-24,0.258065,0.2792
2025-09-25,0.096774,-0.1746
2025-09-26,0.181818,-0.2792
2025-09-29,0.111111,-0.0533
2025-09-30,0.148936,0.0454
2025-10-09,0.170732,0.0196
2025-10-10,0.128205,-0.3706
2025-10-13,0.173913,0.3033
2025-10-14,0.152174,-0.4113
2025-10-15,0.240000,0.5749
2025-10-16,0.142857,0.0109
2025-10-17,0.269231,-0.7405
2025-10-20,0.185185,0.3125
2025-10-21,0.156250,0.2532
2025-10-22,0.216667,0.0173
2025-10-23,0.090909,1.1333
2025-10-24,0.125000,0.1246
2025-10-27,0.111111,0.2409
2025-10-28,0.153846,0.0433
2025-10-29,0.195652,0.5138
2025-10-30,0.181818,-0.5829
2025-10-31,0.147059,-0.0135
2025-11-03,0.191489,0.1816
2025-11-04,0.176471,0.1421
2025-11-05,0.285714,0.0108
2025-11-06,0.159091,0.1336
2025-11-07,0.160000,-0.0255
2025-11-10,0.075000,0.3370
2025-11-11,0.267857,0.1924
2025-11-12,0.195652,0.1959
2025-11-13,0.194444,0.2771
2025-11-14,0.138462,-0.6579
2025-11-17,0.244898,0.2986
2025-11-18,0.135593,0.1067
2025-11-19,0.275862,-0.1027
2025-11-20,0.157895,-0.0408
2025-11-21,0.076923,-0.7210
2025-11-24,0.500000,-0.1603
2025-11-25,0.098039,-0.3304
2025-11-26,0.203125,-0.2184
2025-11-27,0.111111,-0.4759
2025-11-28,0.121951,0.3905
2025-12-01,0.178571,0.1648
2025-12-02,0.090909,0.0478
2025-12-03,0.193548,0.2158
2025-12-04,0.194444,-0.0380
2025-12-05,0.160000,0.1841
2025-12-08,0.315789,0.0213
2025-12-09,0.195652,-0.1729
2025-12-10,0.228571,0.3652
2025-12-11,0.105263,-0.4439
2025-12-12,0.434783,-0.4167
2025-12-15,0.093750,-0.3437
2025-12-16,0.159091,-0.1776
2025-12-17,0.172414,0.5236
2025-12-18,0.261905,-0.1331
2025-12-19,0.190476,0.0938
2025-12-22,0.203704,-0.0592
2025-12-23,0.133333,-0.0227
2025-12-24,0.125000,0.1149
2025-12-25,0.200000,0.0683
2025-12-26,0.140351,-0.3049
2025-12-29,0.105263,-0.1006
2025-12-30,0.214286,-0.0795
2025-12-31,0.108108,-0.0365
2026-01-05,0.250000,0.1446
2026-01-06,0.318182,0.3026
2026-01-07,0.105263,0.0577
2026-01-08,0.214286,-0.1390
2026-01-09,0.140625,0.4163
2026-01-12,0.369863,0.2207
2026-01-13,0.126866,-0.9594
2026-01-14,0.117647,1.0827
2026-01-15,0.116883,0.1881
2026-01-16,0.071429,-0.2440
2026-01-19,0.176471,0.3572
2026-01-20,0.135135,0.2515
2026-01-21,0.175000,-0.0649
2026-01-22,0.164179,0.1185
2026-01-23,0.127273,0.1847
2026-01-26,0.162791,0.4592
2026-01-27,0.150943,-0.0385
2026-01-28,0.052632,0.1159
2026-01-29,0.173913,0.0078
2026-01-30,0.062500,-0.0924
2026-02-02,0.170732,-1.2941
2026-02-03,0.192308,0.4063
2026-02-04,0.135593,0.8154
2026-02-05,0.148148,-0.1159
2026-02-06,0.093750,-0.8036
2026-02-09,0.250000,0.1412
2026-02-10,0.268657,-0.2149
2026-02-11,0.076923,-0.2626
2026-02-12,0.292683,-0.2601
2026-02-13,0.022727,-0.7113
2026-02-24,0.148148,0.0138
2026-02-25,0.158537,-0.1064
2026-02-26,0.075472,0.2186
2026-02-27,0.113208,0.2600
2026-03-02,0.265625,-0.1303
2026-03-03,0.462687,-0.8640
2026-03-04,0.000000,-0.2373
2026-03-05,0.189189,-0.1066
2026-03-06,0.065574,0.0679
2026-03-09,0.125000,0.0693
2026-03-10,0.133333,0.2227
2026-03-11,0.163265,0.2043
2026-03-12,0.121951,0.0042
2026-03-13,0.093023,-0.5469
2026-03-16,0.085106,0.4083
2026-03-17,0.128205,-0.6553
2026-03-18,0.111111,0.7178
2026-03-19,0.125000,-0.3347
2026-03-20,0.157895,-1.0353
2026-03-23,0.095238,-0.9783
2026-03-24,0.142857,1.7683
2026-03-25,0.263889,0.2294
2026-03-26,0.100000,-0.0296
2026-03-27,0.230769,0.2077
2026-03-30,0.161765,0.2895
2026-03-31,0.108696,-0.6800
2026-04-01,0.088889,0.5986
2026-04-02,0.038462,0.4196
2026-04-03,0.142857,-0.4779
2026-04-07,0.133333,0.0509
2026-04-08,0.111111,0.3499
2026-04-09,0.100000,-0.0427
2026-04-10,0.205128,-0.3793
2026-04-13,0.108696,0.1417
2026-04-14,0.120000,0.8478
2026-04-15,0.177778,-0.2932
2026-04-16,0.108696,0.2106
2026-04-17,0.114286,-0.1337
2026-04-20,0.200000,0.3104
2026-04-21,0.065574,0.3518
2026-04-22,0.155556,0.1708
2026-04-23,0.111111,-0.1626
2026-04-24,0.146341,0.2424
2026-04-27,0.102041,0.1670
2026-04-28,0.127273,0.1366
2026-04-29,0.195652,-0.1439
2026-04-30,0.144444,0.0169
2026-05-06,0.177419,0.0217
2026-05-07,0.202381,0.1730
2026-05-08,0.162500,-0.0168
2026-05-11,0.151899,0.2117
2026-05-12,0.135135,0.1225
2026-05-13,0.275000,0.1234
2026-05-14,0.108696,-0.7382
2026-05-15,0.076923,0.1836
2026-05-18,0.083333,0.4192
2026-05-19,0.211268,0.6174
2026-05-20,0.042254,0.2813
2026-05-21,0.041667,-2.0580
2026-05-22,0.269231,0.0084
2026-05-25,0.200000,0.6716
2026-05-26,0.111111,0.9705
2026-05-27,0.138889,0.4004
2026-05-28,0.125000,-0.2398
2026-05-29,0.054348,-0.2608
2026-06-01,0.190476,-0.3128
2026-06-02,0.130841,-0.0261
2026-06-03,0.125000,-0.2882
2026-06-04,0.109091,0.0095
2026-06-05,0.057971,-0.5751
2026-06-08,0.161765,0.5501
2026-06-09,0.195122,0.8444
2026-06-10,0.108333,0.2157
2026-06-11,0.127273,-0.0014
2026-06-12,0.135593,0.1511
2026-06-15,0.087500,0.5077
2026-06-16,0.191176,0.2387
2026-06-17,0.104651,0.3637
2026-06-18,0.132353,-0.0097
2026-06-22,0.240506,0.9565
2026-06-23,0.142857,-0.2222
2026-06-24,0.095890,0.0874
2026-06-25,0.160920,0.4261
2026-06-26,0.070423,-0.8127
2026-06-29,0.150943,0.0799
2026-06-30,0.195876,0.5983
2026-07-01,0.173554,0.1679
2026-07-02,0.117188,-0.7807
2026-07-03,0.171053,-0.5239
2026-07-06,0.044944,-0.3251
2026-07-07,0.050847,-0.1313
2026-07-08,0.214286,-0.5109
2026-07-09,0.102564,0.6989
2026-07-10,0.132353,-0.7553
